問題ID,問題種別,問題文,選択肢,正解,ヒント,必須キーワード,配点
Q01,選択,変数に代入する正しい記号はどれですか？,"=, ==, <-, :",=,数学の「等しい」という意味ではなく、右から左へ入れるイメージの記号です。,,3
Q02,コード,画面に Hello と表示するPythonコードを書いてください。,,Hello,print()関数を使います。文字はクォーテーションで囲みます。,,5
Q03,コード,変数 x に 10 を代入し、x の中身を画面に表示するコードを書いてください。,,10,x = 10 のあとに print(x) を書きます。,"x,=,print",5
Q04,コード,"cat と dog を1行目に、bird と fish を2行目に表示させたい。

以下のコードの 【 空欄A 】 と 【 空欄B 】 に入る適切な記述を答えてください。

print(【 空欄A 】)

print(【 空欄B 】)",,"cat dog
bird fish",同じ行の単語の間には半角スペースを入れます,,10
Q05,選択,"次のPythonコードを実行したとき、画面にはどのように表示されますか？
print('Py', end='')
print('thon')","Py thon, Py '' thon, Python",,print 関数の end='' を使って、デフォルトの改行をしなくなる。,,5
